{
  "Completeness": 0.875925925925926,
  "Reasoning Clarity": 0.5629629629629629,
  "Technical Precision": 0.5148148148148147,
  "Response Accuracy": 0.5592592592592592,
  "Relevance": 0.9370370370370369
}